sequence,label
PDGRNAAAKAFDLITPTVRKGCCSNPACILNNPNQCG,1
ECKGFGKSCVPGKNECCSGLTCSNKHKWCKVLL,1
DLWQWGQMILKETGKLPFSYYTAYGCYCGWGGRGGKPKADTDRCCFVHDC,1
DNWWPKPPHQGPRPPRPRPKP,1
AACYSSDCRVKCRAMGFSSGKCIDSKCKCYK,1
WCASGCRKKRHGGCSC,1
FDGRNAAGNDKMSALMALTTRGCCSHPVCSAMSPICG,1
MISMLRCIYLFLSVILITSYFVTPVMPCNCKAPETALCARRCQQHG,1
GRCCHPACGKNYSC,1
GVPCLCDSDGPRPRGNTLSGILWFYPSGCPSGWHNCKAHGPNIGWCCKK,1
RSCCPCYWGGCPWGQNCYPEGCSGPKV,1
KRNGCCNCSSKWCRDHSRCCGR,1
SNKRKNAAMLDMIAQHAIRGCCSDPRCRYRCR,1
GCCSHPACNVNNPHICG,1
GGCCSHPACAANNQDYC,1
RHGCCKGPKGCSSRECRPQHCC,1
RHGCCKGPKGCSSRECRPQHCC,1
AEDSRGTQLHRALRKATKLSESTRCKRKGSSCRRTSYDCCTGSCRNGKCG,1
AAAISCVGSPECPPKCRAQGCKNGKCMNRKCECYYC,1
SCCARNPACRHNHPCV,1
SGCCSNPACRVNNPNIC,1
DCLGFMRKCIPDNDKCCRPNLVCSRTHKWCKYVF,1
RDCQEKWEYCIVPILGFVYCCPGLICGPFVCV,1
DLWQFGKMILKVAGKLPFPYYGAYGCYCGWGGRGKPKDPTDRCCFVHDCC,1
ECRYLFGGCKTTADCCKHLGCRTDLYYCAWDGTF,1
GFRSPCPPFC,1
ECRYWLGGCSAGQTCCKHLVCSRRHGWCVWDGTFS,1
DCLGWFSGCDPNNNKCCEGYVCHWKYPWCRYDL,1
VVLGPASDGRNAAANDKAFDLALAVKDCCSEPPCILQNPDICGRRR,1
AFCNLRMCQLSCRSLGLLGKCIGDKCECVKH,1
SLGGKPDLRPCHPPCHYIPRPKPR,1
VCRDWFKETACRHAKSLGNCRTSQKYRANCAKTCELC,1
RSCIDTIPKSRCTAFQCKHSMKYRLSFCRKTCGTC,1
GNCKCDDEGPYVRTAPLTGYVDLGYCNEGWEKCASYYSPIAECCRKKK,1
CNSKGTPCTNADECCGGKCAYNVWNCIGGGCSKTCGY,1
IVRRGCCSDPRCAWRCG,1
GCCSLPPCAANNPDYC,1
GVIINVKCKISRQCLEPCKKAGMRFGKCMNGKCHCTPK,1
SPTCIPSGQPCPYNENCCSQSCTFKENENGNTVKRCD,1
ALCNCNRIIIPHMCWKKCGKK,1
TCRYLFGGCKTTADCCKHLACRSDGKYCAWDGTF,1
ASCRTPKDCADPCRKETGCPYGKCMNRKCKCNRC,1
GDCLPHLKRCKADNDCCGKKCKRRGTNAEKRCR,1
GDCLPHLKLCKENKDCCSKKCKRRGTNIEKRCR,1
DDCIKPYGFCSLPILKNGLCCSGACVGVCADL,1
KECMTDGTVCYIHNHNDCCGSCLCSNGPIARPWEMMVGNCMCGPKA,1
YCQKWMWTCDSARKCCEGLVCRLWCKKII,1
IWLTALKFLGKHAAKHLAKQQLSKL,1
GTACSCGNSKGIYWFYRPSCPTDRGYTGSCRYFLGTCCTPAD,1
VSCTGSKDCYAPCRKQTGCPNAKCINKSCKCYGC,1
AICTGADRPCAACCPCCPGTSCKAESNGVSYCRKDEP,1
GHACYRNCWREGNDEETCKERCG,1
ACVGDGQRCASWSGPYCCDGYYCSCRSMPYCRCRNNS,1
YCQKWMWTCDSERKCCEGMVCRLWCKKKLW,1
ECRYWLGGCSAGQTCCKHLVCSRRHGWCVWDGTFS,1
DCLGWFKSCDPKNDKCCKNYTCSRRDRWCKYDL,1
DCLGWFKSCDPKNDKCCKNYTCSRRDRWCKYYL,1
NLLQFGFMIRCANKRRRPVWPYEESGC,1
LVKCRGTSDCGRPCQQQTGCPNSKCINRMCKCYGC,1
FDGRNAAANDKASDLVALTVRGCCSHPACSVNHPELCG,1
NLAQFGFMIRCANGGSRSALDYADYGC,1
FDGRNAAPSDKASDLISLAVRGCCSHPACSGNNPYFCGGKR,1
ACLGFGKSCNPSNDQCCKSSSLACSTKHKWCKYEL,1
LSKKQCGADGQFCFLPGLGLNCCSGLCLIVCVPT,1
RGCCNGRGGCSSRWCRDHARCC,1
LDGRNAAADFETSDLLAMTIRGGCCSYPPCIANNPLCGGKR,1
ACKGLFVTCTPGKDECCPNHVCSSKHKWCKYKI,1
ACIDRFPTGTCKHVKKGGSCKNSQKYRINCAKTCGLCH,1
ACKDGFPTATCQHAKLVGNCKNSQKYRANCAKTCGPC,1
GCKGKYEECTRDSDCCDEKNRSGRKLRCLTQCDEGGCLKYRQCLFYGGLQ,1
SCQKWMWTCDQKRPCCEDMVCKLWCKIIK,1
SGCCKHPACGKNRC,1
AGCKYLFGSCKEDSDCCKHLGCRRKAPQYCGWDGTF,1
ALLSCKCEANSGYGDKWLFHGGCPNGYGYNERCFIKPGAVCCYPPSGR,1
QGCCNGPKGCSSKWCRDHARCC,1
FDGRNTSANNKATDLMALPVRGCCSDPPCRNKHPDLCGGRR,1
YKQCHKKGGHCFPKEKICIPPSSDLGKMDCRWKWKCCKKGSG,1
CAKKRNWCGKNEDCCCPMKCIYAWYNQQGSCQTTITGLFKKC,1
ASCKCDDDGPDVRSATFTGTVDFWNCNEGWEKCTAVYTPVASCCRKKK,1
TIINVKCTSPKQCSKPCKELYGSSAGAKCMNGKCKCYNN,1
INLLKIAKGIIKSL,1
TIINVKCTSPKQCLKPCKDLYGPHAGAKCMNGKCKCYNN,1
TIINVKCTSPKQCLLPCKEIYGIHAGAKCMNGKCKCYKI,1
TIINVKCTSPKQCLPPCKEIYGRHAGAKCMNGKCHCSKI,1
QKECTGPQHCTNFCRKNKCTHGKCMNRKCKCFNCK,1
GASCRCDSDGPTSRGNTLTGTLWLIGRCPSGWHNCRGSGPFIGYCCKQ,1
APAKRWFGHEECTYWLGPCEVDDTCCSASCESKFCGLW,1
DLRQCTRNAPGSTWGRCCLNPMCGNFCCPRSGCTCAYNWRRGIYCSC,1
CCGVPNAACPPCVCNKTCG,1
SECRWFMGGCDSTLDCCKHLSCKMGLYYCAWDGTF,1
GACRWFLGGCKSTSDCCEHLSCKMGLDYCAWDGTF,1
GCVLYPWC,1
GVPCRCDSDGPSVHGNTLSGTVWVGSCASGWHKCNDEYNIAYECCKE,1
DCCGVKLEMCHPCLCDNSCKNYGK,1
VACRCESDGPDVRSATFTGTVDLWNCNTGWHKCIATYTAVASCCKKD,1
CRTEGMSCEENQQCCWRSCCRGECEAPCRFGP,1
GEDEYAEGIREYQLIHGKI,1
DEPEYAEAIREYQLKYGKI,1
GEPEVAKWAEGLREKAASN,1
GVEINVKCTGSHQCIKPCKDAGMRFGKCINRKCHCTPK,1
SDGRNVAAKAFHRIGRTIRDECCSNPACRVNNPHVCRRR,1
SLVQFEKMIKEVAGKNGVPWY,1
DECFSPGTFCGTKPGLCCSARCFSFFCISLEF,1
DECFSPGTFCGFKPGLCCSARCFSLFCISLEF,1
QNCCNGGCSSKWCKGHARCC,1
LPPCCTPPKKHCPAPACKYKPCCKS,1
DCQPCGHNVCC,1
HLLQFNKMIKFETRKNAIPFYAF,1
HLLQFNKMIKFETRKNAIPFYAF,1
HLLQFNKMIKFETRKNAIPFYAF,1
SLLQFNKMIKFETRKNAIPFYAF,1
SLIEFGKMITEETNRPVFPYEATIVVCDCGNGNGS,1
NLLQFGYMIRCANGRSRPVW,1
GLIDVKCYASRECWEPCRKVTGSGQAKCQNNQCRCY,1
GLIDVRCYASRECWEPCRKVTGSGQAKCQNNQCRCY,1
DCLKFGWKCNPRNDKCCSGLKCGSNHNWCKLHI,1
DCLGFMRKCIPDNDKCCRPNLVCSRTHKWCKYVF,1
DCLGWFKSCDPKNDKCCKNYSCSRRDRWCKYDL,1
DCRYMFGDCEKDEDCCKHLGCKRKMKYCAWDFTFT,1
ACLGQWDSCDPKASKCCPNYACEWKYPWCRYKLF,1
RCKTCSKGRCRPKPNCG,1
CKCPSCNFNDVTENCKCCIFRQP,1
DLVQFGQMILKVAGRSLPKSYGAYGCYCGWGGRGK,1
SLFEFAKMILEETKRLPFPYYGAYGCYCGWGGQGQPKDAT,1
ADNKFENSLRREIACGQCRDKVKCDPYFYHCG,1
CCSQDCRVCIPCCPY,1
QVMVQGDGDQPAARNAVPKDDNPGGEAGKFMNVLRRSGCPWEPWCG,1
ECRWFLGGCSGGQTCCEHLVCHRKHQWCVWDWSF,1
GVDKEGCRYLLGACTIDDDCCLHLGCNKKYGHCGWDGTF,1
RIKKPIFAFPRF,1
RIRKPIFAFPRF,1
GCTKFMGSCKTDADCCEHLECYKYKWCGWDGTF,1
YCQKFLWTCDTERKCCEDMVCELWCKYKE,1
YCQFKMWTCDSERKCCEDMVCRLWCKLNL,1
DMCCHPACMNHFNC,1
YCCHPACGPNFSC,1
APALVVTATTNCCGYTGPACHPCLCTQTC,1
ACLGFGEKCNPSNDKCCKSSSLVCSQKHKWCKYDL,1
GVDKPGCRYMFGGCVQDDDCCPHLGCKRKGLYCAWDGT,1
GVDKPGCRYMFGGCVQDDDCCPHLGCKRKGLYCAWDAS,1
EGCCSNPPCRHNHPEVC,1
EDVDHVFLRF,1
EDVDHVFLRF,1
DCRWFLGGCSKDSDCCKHLACRIDGYIKYCAWDGTF,1
GGVPCLCDSDGPSVRGNTLSGIIWLAGCPSGWHNCKAHGPTIGWCCKQ,1
ECVPENGHCRDWYDECCEGFYCSCRQPPKCICRNNN,1
ACVGENQQCADWAGPHCCDGYYCTCRYFPKCICRNNN,1
ACVGENKQCADWAGPHCCDGYYCTCRYFPKCICRNNN,1
CAKKRNWCGKTEDCCCPMKCVYAWYNEQGSCQSTISALWKKC,1
GEEEYQKMLENLREAEVKKNA,1
AACKCDDEGPDIRTAPLTGTVDLGSCNAGWEKCASYYTIIADCCRKKK,1
GGCLPHNRFCNALSGPRCCSGLKCKELSIWDSRCL,1
TVCNLRRCQLSCRSLGLLGKCIGVKCECVKH,1
ADCSATGDTCDHTKKCCDDCYTCRCGTPWGANCRCDYYKARCDT,1
TRCKGKGAPCRKTMYDCCSGSCGRRGKCG,1
TIINVKCTSPKQCLPPCKAQFGQSAGAKCMNGKCKCYPH,1
FLPLLILGSLLMTPPVIQAIHDAQRG,1
RGSVDYKDDDDKTISCTNPKQCYPHCKKETGYPNAKCMNRKCKCFGR,1
GCCSYPPCFATNSGYC,1
DCGTIWHYCGTDQSECCEGWKCSRQLCKYVIDW,1
DDCGKLFSGCDTNADCCEGYVCRLWCKLDW,1
ECGTLFSGCSTHADCCEGFICKLWCRYERTW,1
GCCGPYPNAACHPCGCKVGRPPYCDRPSGG,1
VGVCCGYKLCHPC,1
CKGKGAPCTRLMYDCCHGSCSSSKGRCG,1
SCSGRDSRCPPVCCMGLMCSRGKCVSIYGE,1
APWLVPSQITTCCGYNPGTMCPSCMCTNTC,1
VGIPVSCKHSGQCIKPCKDAGMRFGKCMNRKCDCTPK,1
TVIDVKCTSPKQCLPPCKAQFGIRAGAKCMNGKCKCYPH,1
AFCNLRRCELSCRSLGLLGKCIGEECKCVPY,1
CKQAGESCDIFSQNCCVGTCAFICIE,1
QIETNKKCQGGSCASVCRKVIGVAAGKCINGRCVCYP,1
VFINVKCRGSKECLPACKAAVGKAAGKCMNGKCKCYP,1
GPPCCLYGSCRPFPGCYNALCCRK,1
ECRYLFGGCSSTSDCCKHLSCRSDWKYCAWDGTFS,1
ECRYFWGECNDEMVCCEHLVCKEKWPITYKICVWDRTF,1
YCQKWLWTCDSERKCCEDMVCRLWCKKRL,1
GTTCYCGKTIGIYWFGTKTCPSNRGYTGSCGYFLGICCYPVD,1
SDGRDAAANDKATDLIALTARRDPCCSNPVCTVHNPQICG,1
CCGVPNAACHPCVCKNTC,1
LFECSFSCEQEKEGDKPCKKKKCKGGWKCKFNMCVKV,1
GDCPWKPWC,1
ACGSCRKKCKGSGKCINGRCKCY,1
GCLGEGEKCADWSGPSCCDGFYCSCRSMPYCRCRNNS,1
ACATKNQRCASWAGPYCCDGFYCSCRSYPGCMCRPNS,1
EDCIAVGQLCVFWNIGRPCCSGLCVFACTVKLP,1
VGCEECPAHCKGKNAKPTCDDGVCNCNV,1
VGCEECPAHCKGKNAIPTCDDGVCNCNV,1
AACYSSDCRVKCVAMGFSSGKCINSKCKCYK,1
GFGALFKFLAKKVAKTVAKQAAKQGAKYVVNKQME,1
ACAGLYKKCGKGVNTCCENRPCKCDLAMGNCICKKKFVEFFGG,1
CGDINAACKEDCDCCGYTTACDCYWSSSCKCREAAIVIYTAPKKKLTC,1
IRCSGSRDCYSPCMKQTGCPNAKCINKSCKCYGC,1
GVDKEGCRKLLGGCTIDDDCCPHLGCNKKYWHCGWDGTF,1
DCLGFLWKCNPSNDKCCRPNLVCSRKDKWCKYQI,1
APANSVWS,1
SPANSVWS,1
FHGGSWYRFPWGY,1
VGCEECPMHCKGKHAVPTCDDGVCNCNV,1
YCQKWMWTCDSKRKCCEDMVCQLWCKKRL,1
IFECVFSCDIKKEGKPCKPKGEKKCTGGWRCKIKLCLKI,1
GCIPYGKTCEFWSGPWCCAGKCKLNVWSMTLSCTRNF,1
IKCTLSKDCYSPCKKETGCPRAKCINRNCKCYGCS,1
GPMEDPLEIIRI,1
YKRCHIKGGHCFPKEKLICIPPSSDIGKMDCPWKRKCCKKRS,1
YKQCHKKGGHCFPKEVLICIPPSSDFGKMDCRWKRKCCKKRS,1
GCCSRPPCIANNPDIC,1
VGINVKCKHSGQCLKPCKDAGMRFGKCMNGKCDCTPK,1
GVPCLCDSDGPSVRGNTLSGTVWVFGCPSGWHICTSDGPTIGSCCKK,1
DLFQFGKMIECANKGSRPSLDYMNYGCYCGK,1
SIPLPSLNFEQFGNMIQCTI,1
SCSCKRNFLCC,1
KIKSGWERLTSESEYACPAIDKFCEDHCAAKKAVGKCDDFKCNCIKL,1
GVACRCDSDGPTSRGNTLTGTLWLTGGCPSGWHNCRGSGPFIGYCCKK,1
GCKKDRKPCSYHADCCNCCLSGICAPSTNWILPGCSTSTFT,1
GPSFCKANGKPCSYHADCCNCCLSGICKPSTNVILPGCSTSSFFRI,1
GPSFCKADEKPCEYHADCCNCCLSGICAPSTNWILPGCSTSSFFKI,1
EGCCSNPACRTNHPEVCD,1
TRICCGCYWNGSKDVCSQSCC,1
DGECGDKDEPCCGRPDGAKVCNDPWVCILTSSRCENP,1
EDCLGWFSRCSPKNDKCCPNYKCSSKDLWCKYKIW,1
ASDGRNAAADDKASDPIALTVRGGCCSHPVCYTKNPNCGGRR,1
MRLFLIFTFIVASLASVYGCIPAANPCRGNAKCCGNYVCKNGRCLPRS,1
GCMPEYCAGQCRGKVSQDYCLKNCRCIR,1
IIECFFSCEIEKDGKSKEGKPCKPKGDKDKDKKCGGWRCKIKMCIKI,1
GTPCYCGKTIGIYWFGTKTCPSNRGYTGSCGYFLGICCYPVD,1
DDCLGMFSSCDPDNDKCCEGRKCNRKDKWCKYVL,1
YCQEFLWTCDEERKCCGDMVCRLWCKKRL,1
ACLGFGEKCNPSNDKCCKSSSLVCSQKHKWCKYGW,1
TWEECCKNPGCRNNHVDRCRGQV,1
CASQGQKCKTKSDCCNGMWCAGTRGHTCYKPK,1
RICLNQQSSEPQTTEICPDGEDTCY,1
GCIAKNKECAWFSGEWCCGALSCKYSIKRNLKICV,1
IVIDVPCTVSKECWSACKKAVGTDRGKCMGKKCKCYP,1
TVIDVKCTSPKQCVPACKAAMGTVRAKCMNGKCKCYI,1
IFINVKCSSPQQCLKPCKKAFGQHAGGKCINGKCKCYP,1
AVCVYRTCDKDCKRRGYRSGKCINNACKCYPYA,1
DRDSCIDKSRCSKYGYYQECQDCCKKAGHNRGTCMFFKCKCA,1
TIINVKCTSPKQCLLPCKQIYGPHAGAKCMNGKCHCSKI,1
TIINVKCTSPKQCLKPCKDLYGPHAGEKCMNGKCKCYKI,1
LTCLNCPEMFCGKFQICRNGEKICFKKLHQRRP,1
ALPCRCEGKTEYGDKWIFHGGCPNDYGYNDRCFMKPGSVCCYPKYE,1
EPCIPKWKSCVNRHGDCCAGLECWKRRKSFEVCVPKV,1
DCCPCPAGAVRCRFACC,1
GTTCYCGKTIGIYWFGKYSCPTNRGYTGSCPYFLGICCYPVD,1
GTPCKCHGYIGVYWFMLAGCPNGYGYNLSCPYFLGICCVKK,1
GTPCDCYGYTGVYWFMLSRCPSGYGYNLSCHYFMGICCVKR,1
DYCCRRPTCIPIC,1
DRDSCVDKSRCAKYGYFQECTDCCKKYGHNGGTCMFFKCKCA,1
KGGYPVDSKGCKISCVINNEYCSRDCTSGYCYFLRWGLACWCDGVPPQR,1
RPPGFTPFR,1
TNGVPGKCTKPGGCSTYCRDTTGTMGLCKNSKCYCNKY,1
TFINVKCTSPKQCLKPCKDLYGPHAGEKCMNGKCKCYKP,1
NVACVHRTCDSNCKRNGYKSGKCINRKCNCYPH,1
IFINVKCSLPQQCLRPCKDRFGQHAGGKCINGKCKCYP,1
TVCVYRTCDKDCKRRGYRSGKCINNACKCYPY,1
TTINVKCSLPQQCLRPCKDRFGQHAGGKCINGKCKCYP,1
TIINVKCTSPKQCLKPCKDLYGPHAGEKCMNGKCKCYKV,1
TFINVKCTSPKQCLPPCKEIYGIHAGAKCMNGKCKCYKV,1
IFINVKCDLPQQCLRPCKDRFGQHAGGKCINGKCKCYP,1
TFINVKCTSPKQCLKPCKDLYGPHAGGKCMNGKCKCYNN,1
GCGVDGQFCGLPGLGLVCCRGACFLVCIYIP,1
ESDGAHAKARADKPARSATNRQPGCCNNPACVKHRCG,1
FRGRDAAAKASGLVGLTDRRGCCSHPACNVDHPEICG,1
MISMLRCTFFFLSVILITSYFVTPTMSIKCNCKRHVIKPHICRKICGKNG,1
ECCHPACGKHFSC,1
RDCCTPPRKCKDRRCKPMKCCA,1
GVPCLCDSDGPSVRGNTLSGIIWLAGCPSGWHNCKKHGPTIGWCCKQ,1
GVPCLCDSDGPSVRGNTLSGILWLAGCPSGWHNCKKHKPTIGWCCK,1
GVSCLCDSDGPSVRGNTLSGTLWLYPSGCPSGWHNCKAHGPTIGWCCKQ,1
GVPCLCDSDGPSVRGNTLSGILWLAGCPSGWHNCKAHGPTIGWCCKQ,1
GAACLCKSDGPNTRGNSMSGTIWVFGCPSGWNNCEGRAIIGYCCKQ,1
RDCCTPPKKCKDRRCKPLKCCA,1
CKSPGTPCSRGMRDCCTSCLLYSNKCRRY,1
CKGKGASCHRTSYDCCTGSCNRGKC,1
GNCKCDDEGPNVRTAPLTGYVDLGYCNEGWEKCASYYSPIAECCRKKK,1
AGGKSTCCPCAMCKYTAGCPWGQCAHHCGCSE,1
TVINVKCTSPKQCLKPCKDLYGPHAGAKCMNGKCKCYNN,1
IFINVKCSLPQQCLRPCKDRFGQHAGGKCINGKCKCYP,1
WCSTCLDLACGASRECYDPCFKAFGRAHGKCMNNKCRCYT,1
TFIDVDCTVSKECWAPCKAAFGVDRGKCMGKKCKCYV,1
GCTPEYCSMWCKVKVSQNYCVKNCKCPGR,1
WCSTCLDLECGASRECYDPCFKAFGRAHGKCMNNKCRCYT,1
TCKQKGEGCSLDVECCSSSCKPGGPLFDFDC,1
ACKPKNNLCAITEMAECCSGFCLIYRCS,1
GIACLCDSDGPSVRGNTLSGTYWLAGCPSGWHNCKSSGQLIGACCKQ,1
GASCRCDSDGPTSRGDTLTGTLWLIGRCPSGWHNCRGSGPFIGYCCKQ,1
GCCGSFACRFGCVPCCV,1
SKQCCHLAACRFGCTPCCW,1
QGCCGEPNLCFTRWCRNNARCCRQQ,1
GGCCSHPACFASNPDYC,1
DGRCCHPACAKHFNC,1
NGRCCHPACARKYNC,1
CCGVPNAACHPCVCTGKC,1
CCGIPNAACHPCVCTGKC,1
TGPQTTCQASTCEAGCKQIGKSMKSCQGDTCECA,1
DPCYEVCLQQHGNVKECEEACKHPVEY,1
NDPCEEVCLQHTGNVKACEEACQ,1
ECRWYLGGCKEDSECCEHLQCHSYWEWCLWDGSF,1
AFVKGSAQRVAHGY,1
KKDGYIVDSNGCAPECFPTNXGC,1
DCCGVKLEMCHPCLCDNSCKKSGK,1
SSTCIRTDQPCPYNESCCSGSCTYKANENGNQVKRCD,1
SPTCTGADRPCAACCPCCPGTSCKGPEPNGVSYCRND,1
YCQKWMWTCDEERKCCEGLVCRLWCKKKIEEG,1
DCLGWFKGCDPDNDKCCEGYKCNRRDKWCKYKLW,1
KIKWFKTMKSLAKFLAKEQMKKHLGE,1
QSPGCCWNPACVKNRC,1
CLQFGSTCFLGDDDICCSGECFYSGGTFGICS,1
CCAPSACRLGCRPCCR,1
GVPCLCDSDGPSVRGNTLSGTLWLAGCPSGWHNCKAHGPTIGWCCKK,1
GVPCRCDSDGPSVHGNTLSGTIWVGSCETGWHKCNTEHNLFHECCKQ,1
LKCNKLVPLFYKTCPAGKNL,1
KDGYPVDNANCKYE,1
QAIGLPHTACIQCNRKTSSKCLSGQICLPYHMTCYTLYKPDENGELK,1
GGVGRCIYNCMNSGGGLNFIQCKTMCY,1
RWDVDQCIYYCLNGVVGYSYTECQTMCT,1
GVACRCDSDGPTVRGDSLSGTLWLTGGCPSGWHNCRGSGPFIGYCCKK,1
GVACRCDSDGPTVHGDSLSGTLWLTGGCPSGWHNCRGSGPFIGYCCKK,1
DRDSCVDKSRCSKYGYYQECQDCCKKAGHNGGTCMFFKCKCA,1
DRDSCIDKSRCSKYGYYQECQDCCKKAGHNGGTCMFFKCKCA,1
WCSTCLDLACGASRECYDPCFKAFGRAHGKCMNNKCRCYT,1
RCCTGKKGSCSGRACKNLKCCA,1
GGCCSYPPCAVSNPQHC,1
GCRQCGGGCNKHGKCINGKCKCY,1
GVPTDVKCRGSPQCIQPCKDAGMRFGKCMNGKCHCTPK,1
SDGRNTAANDKASDLMALRDGCCSNPSCSVNNPDICGGGR,1
MICYNHQSSEPPTTXTCSEGQ,1
LICYVSRDGKTATCPPQGKCEKYAVSASHTXHXFYVYGCTSXC,1
HLLQFNKVIKFETRKNAIPFYAFYGCYCGWGGRG,1
VFINAKCRGSPECLPKCKQAIGKAAGKCMNGKCKCYP,1
DECFSPGTFCGIKPGLCCSARCLSFFCISLEF,1
FFECTFECDIKKEGKPCKPKGCKCKDKDNKDHKKCSGGWRCKLKLCLKF,1
GRDAYIADSENCTYT,1
DCIPGGENCDVFRPYRCCSGYCILLLCA,1
CCNWPCSFGCIPCCY,1
ERVCCGYPMSCKSRACKPSYCC,1
TCLARDELCGASFLSNFLCCDGLCLLICV,1
FGSFIPCAHKGEPCTICCRPLRCHEEKTPTCV,1
GVPCRCDSDGPSVHGNTLSGTVWVGSCASGWHKCNTEHNIFHECCKE,1
GGCCSHPACQNNPDYC,1
GVCCGVSFCYPC,1
RCCGYKMCHPC,1
TVSDPPARPAVFHSREELMNYVRELNRYFAIVGRPRF,1
TVSDPPARPAVFHSREELMNYVRELNLYFAIVGRPRY,1
RRCFITPNVRSERCPPGQEVCFTKTXDG,1
AAAISCVGSKECLPKCKAQGCKSGKCMNKKCKCYC,1
MEWYPEAAANAERYTQIVWYK,1
NLLQFNKMIKIMTKKNAIPFYSS,1
NLLQFNKMIKIMTKKNAIPFYSS,1
NLLQFNKMIKVETGKNAIPFYAF,1
SLLQFNKMIKFETRKNAIPFYAF,1
HLLQFNKMIKFETGKNAIPFYAF,1
CLSVCSMEYWPVCGSDGKTYPNECHLTSEACMSNTDITVAHVGKCDQ,1
CMTICTMEYWPVCGSDGKTYPNKCHLTSTACTSQKDITVLHEGKC,1
DCCYGRVNGCNPKMADKNYE,1
KDGYLVGSDGCKYSCLTRPG,1
TIINVKCTSPKQCVPACKAAMGTVRAKCINGKCKCYI,1
GVPINVKCSGSRDCLEPCKKAGMRFGKCINRKCHCTPK,1
EACAGAYKSCDKVKCCHDRRCRCNIAMDNCVCKLFYCELFGTCDRLKP,1
SCQKWMWLCDEERKCCEDMVCKLWCK,1
CAGIGSFCGLPGLVDCCSDRCFIVCLP,1
TTINVKCTSPKQCLPPCKEIYGRHAGAKCINGKCHCSKI,1
DCLGWFKGCDPDNDKCCEGYKCNRRDKWCKYKLW,1
IIECVFSCDIEKEGKPCKPKGEKKCSGGWKCKIKLCLKI,1
IFECVFSCDIEKEGKPCKPKGEKKCSGGWKCKIKLCLKI,1
LFECVLSCDIKKNGKPCKPKGEKKCSGGWRCKINFCLKV,1
GCCHLLACRFGCSPCCW,1
GCRYMFGDCEKDEDCCKHLGCKRKMKYCAWDFTFT,1
GCIATGSVCTLSKGCCTKNCGWNFKCNPPNQ,1
AGGKATCCPCFMCSYTAGCPWGQCAHHCGCD,1
CDAPTHYCTNYWECCSGYCEHSHCW,1
CCQWPCSHGCIPCCY,1
SCGYPCSHCGIPGCYPG,1
CCSTNCAVCIPCCP,1
GCPWMPWC,1
GCPWDPWC,1
GCPWEPWC,1
VVGCPWQPWC,1
VVGCPWQPWC,1
VVGCPWQPWC,1
DDCLGIFKSCNPDNDKCCESYKCSRRDKWCKYVL,1
DDCLGFFKSCNPDNDKCCENYKCNRRDKWCKYVL,1
GCKGFGKACKYGADECCKNLVCSKKHKWCKYTL,1
ECLGWMKGCEPKNNKCCSSYVCTYKYPWCRYDL,1
DCLKFGWKCNPRNDKCCSGLKCGSNHNWCKLHL,1
DCLGWMAGCDFNDNKCCAGYVCKKHPWCRYDL,1
CGDINAPCQSDCDCCGYSVTCDCYWGNECKCRESNFAIGM,1
QNECPWKPWC,1
ESECPWHPWC,1
GCPWDSWC,1
ADCLAHLKLCKKNNDCCSKKCSRRGTNPEQRCR,1
SDGRNEAANDEASDVIELALKGCCSNPVCHLEHPNACGRRR,1
IIECFFSCEIEKDGKSKEGKPCKPKGDKDKDKKCSGGWRCKIKMCLKI,1
QKCCSGGSCPLYFRDRLICPCC,1
ECRYWLGGCSKTGDCCEHLSCSPKWHWCVWDGTF,1
AAPCSCPGKPGRGDLWIFRGTCPGGYGYTSNCYKWPNICCYPH,1
GGCRYFLGGCSEHSDCCEHLRCKMGLNYCAWDGTF,1
YCQKFLWTCDSERPCCEGLVCRLWCKIN,1
DDCLGMFSSCDPNNDKCCPNRKCSRKDQWCKYQLW,1
DCLGFMKPCDINNDKCCSSYVCGRNNHWCKFHL,1
YCQKFLWTCDTERKCCEDMVCELWCKLEK,1
ASGADTCCSNPACQVQHSDLC,1
ECCNPACGRHYSCGK,1
GCIATGSVCTLSKGCCTKNCGWNFKCNPPNQ,1
GCISTGSFCTLSKGCCTKNCGWNFKCNPPNQ,1
GCIATGSFCTLSKGCCTKNCGWNFHCNPPNQ,1
GCIKTGSFCTLSKGCCTKNCGWNFHCNPPNQ,1
CCSALCSRYHCLPCC,1
ICCNPACGPKYSC,1
WFRSFKSYYGHHGSVYRPNEPNFRSFAS,1
ECRWFWGGCNNDADCCKHLECKRKWPHICLWDGTFT,1
CGGVDAPCDKDRPDCCSYAECLKPAGYGWWHGTYYCYRKKE,1
FFECTFECDIKKEGKPCKPKGCKCKDKDNKDHKKCSGGWRCKLKLCLKF,1
GTPCDCYGYTGVYWFMLSRCPSGYGYNLSCHYFMGICCVKR,1
NLAQFGFMIRCANGGSRSAL,1
GCWLCLGPNACCRGSVCHDYCPS,1
ARDGYIVDEKGCKFACFIN,1
CLCNSDGPSVRGNTLSGILWLAGCPSGWHNCKKHKPTIGWCCK,1
GASCDCHPFKGTYWFGTSNCPSGHGYRKKCDSFF,1
VGKNVICIHSGQCLIPCIDAGMRFGICKNGICDCTPKG,1
RCPWDPWCN,1
EGCCSNPPCRHTHPEVC,1
GCCSHPPCNVNNPHICG,1
CCEWPCHHGCIPCCY,1
VRDAYIAKPENCVYHCAGNEGCNNLCTCNGAT,1
KDGYLVGNDGCKYSCNTYPK,1
ILSLSLLDRSTRCKGTGKSCSRIAYNCCTGSCRSGKCG,1
SNGRNAAAGDKPSYWITLAITDCCANPVCNGKHCQGRR,1
INWKKLGKALNALL,1
XRDGYLVDDXNCTFFCG,1
XVRDAYIADDKNCVYTCASN,1
XKNGYAVDSSGKAPECILSNYCNNECTKV,1
ECATKNKRCADWAGPWCCDGLYCSCRSYPGCMCRPSS,1
DCVGESQQCADWAGPHCCDGYYCTCRYFPKCICVNNN,1
AAPCFCSGKPGRGDLWILRGTCPGGYGYTSNCYKWPNICCYPH,1
DSDCKDKLPACGEYRGSFCKLEKVKSNCEKTCGVKC,1
YKRCHKKGGHCFPKEKICTPPSSDFGKMDCRWKWKCCKKGSVN,1
ACSGRGSRCPPQCCMGLRCGRGNPQKCIGAHEDV,1
SCVGEYGRCRSAYEDCCDGYYCNCSQPPYCLCRNNN,1
ADCVGDGQKCADWFGPYCCSGYYCSCRSMPYCRCRSDS,1
NLLQFRKMIKKMTGKEVVWYAFYGCYCGGGGK,1
NLFQFARMINKKLGAFXFXNYI,1
NLYQFKNMIQCTTKRSVLEFMEYGCYC,1
NLQYLKNMIKCTNTRHWLSFTNYGCYCG,1
NLYQFKNMIKCTNTRMWWSFTNAGCYDG,1
NLYQFGNMIQCTIPKRLSWSSFVDYGCYCGKGGSGTPV,1
NLYQFGNMIKCTIPKRLSWRSFVDYGCYCGKGGSGTPV,1
GVEINVKCSGSPQCLKPCKDAGMRFGKCMNRKCHCTPK,1
QFTDVDCSVSKECWSVCKDLFGVDRGKCMGKKCRCYQ,1
YCCHPACGKNFDC,1
SFCIPFKPCKSDENCCKKFKCKTTGIVKLCRW,1
KKKCIAKDYGRCKWGGTPCCRGRGCICSIMGTNCECKPRLIMEGLGLA,1
GTCKCDDDGPDVRTATFTGSTEFANCNESWEKCLAVYTPVASCCRKKK,1
GNCKCDDEGPNVRTAPLTGYVDLGYCNEGWDKCASYYSPIAECCRKKK,1
GNCKCDDEGPNVRTAPLTGYVDLGYCNEGWEKCASYYSPIAECCRKK,1
ASCKCDDDGPDVRSATFTGTVDFAYCNAGWEKCLAVYTPVASCCRKKK,1
AVKCIGWQETCNGNLPCCNECVMCECNIMGQNCRCNHPKATNECE,1
AVKCIGWQETCNGKLPCCDGCVMCECNIMGQNCRCNHPKATSECES,1
ITINVKCTSPQQCLRPCKDRFGQHAGGKCINGKCKCYP,1
TVIDVKCTSPKQCLPPCKEIYGRHAGAKCMNGKCKC,1
MCMPCFTTDHQMARKCDDCCGGKGRGKCYGPQCLCR,1
GLIDVRCYDSRQCWIACKKVTGSTQGKCQNKQCRCY,1
EDGYLLNRDTGCKVSCGTCRYCND,1
GVPINVKCTGSPQCLKPCKDAGMRFGKCINGKCHCTPK,1
GVPINVSCTGSPQCIKPCKDAGMRFGKCMNRKCHCTPK,1
GVPINVPCTGSPQCIKPCKDAGMRFGKCMNRKCHCTPK,1
SCVDFQTKCKKDSDCCGKLECSSRWKWCVYPSPF,1
WLGCARVKEACGPWEWPCCSGLKCDGSECHPQ,1
TISCTNEKQCYPHCKKETGYPNAKCMNRKCKCFGR,1
VSCEDCPEHCSTQKAQAKCDNDKCVCEPI,1
SKCFSPGTFCGIKPGLCCSVRCFSLFCISFE,1
ECRYLFGGCKTTADCCKHLGCKFRDKYCAWDFTFS,1
GVDKAGCRYMFGGCSVNDDCCPRLGCHSLFSYCAWDLTFSD,1
AKTGILDSDGPTVAGNSLSGT,1
VACVYRTCDKDCTSRKYRSGKCINNACKCYPY,1
AEKDCIAPGAPCFGTDKPCCNPRAWCSSYANKCL,1
ADDDCLPRGSKCLGENKQCCKGTTCMFYANRCVGV,1
CCKQSCTTCMPCCW,1
CCELPCHGCVPCCWP,1
GCCGKYPNAACHPCGCTVGRPPYCDRPSGG,1
GCVLLPWC,1
WATIDECEETCNVTFKTCCGPPGDWQCVEACPV,1
GPMGWVPVFYRF,1
VCCGYKLCHPC,1
CCSQDCLVCIPCCPN,1
DQSCPWCGFTCCLPNYCQGLTCTVI,1
NCPYCVVYCCPPAYCEASGCRPP,1
FCCPFIRYCCW,1
CKPPGSPCRVSSYNCCSSCKSYNKKCG,1
CLSPGSSCSPTSYNCCRSCNPYSRKC,1
CKGKGASCRKTMYDCCRGSCRSGRC,1
CKGKGQSCSKLMYDCCTGSCSRRGKC,1
CCKYGWTCLLGCSPCGC,1
SLGGKPDLRPCYPPCHYIPRPKPR,1
LTCYKGYRDTV,1
LTCYKGYHDTVVCKP,1
AAPCFCPGKPDRGDLWILRGTCPGGYGYTSNCYKWPNICCYPH,1
AFCNLRRCELSCRSLGLLGKCIGEECKCVPH,1
GVPINVKCRGSPQCIQPCRDAGMRFGKCMNGKCHCTPQ,1
VFINVKCTGSKQCLPACKAAVGKAAGKCMNGKCKCYT,1
GRDSCVNKSRCAKYGYYSQCEVCCKKAGHKGGTCDFFKCKCKV,1
ERDSCVEKSKCGKYGYYGQCDECCKKAGDRAGTCVYYKCKCNP,1
QFTNVSCTTSKECWSVCEKLYNTSRGKCMNKKCRCYS,1
DEEPKESCSDEMCVIYCKGEEYSTGVCDGPQKCKCSD,1
DEEPKETCSDEMCVIYCKGEEYSTGVCDGPQKCKCSD,1
ADCVGDGQRCADWAGPYCCSGYYCSCRSMPYCRCRSDS,1
ADCVGDGQRCADWAGPYCCSGYYCSCRSMPYCRCRSDS,1
PLFDKRQRCCNGRRGCSSRWCRDHSRCCGRR,1
VGCAECPMHCKGKMAKPTCENEVCKCNIGKKD,1
QNETNKKCQGGSCASVCRRVIGVAAGKCINGRCVCYP,1
LTCVKSDSIWFPTSEDCPDGQNLCFKKWQYISPRMYDFTR,1
LTCVKSNSIWFITSENCPAGQNLCFKRWQYISPRMYDFTR,1
YCQKWMWTCDEERKCCEGLVCRLWCKRIINM,1
ECLGFGKGCNPSNDQCCKSANLVCSRKHRWCKYEI,1
DCTRMFGACRRDSDCCPHLGCKPTSKYCAWDGTI,1
YCQKWMWTCDEERKCCEGLVCRLWCKRIINM,1
GCKLTFWKCKNKKECCGWNACALGICMPR,1
CGTNRAWCRNAKDHCCCGYSCVKPIWASKPEDDGYCWKKFGGC,1
KIKWFKTMKSIAKFIAKEQMKKHLGGE,1
DDDCGWIMDDCTSDSDCCPNWVCSKTGFVKNICKYEM,1
ADCGWLFHSCESNADCCENWACATTGRFRYLCKYQI,1
DDCGTLFSGCDTSKDCCEGYVCHLWCKYK,1
DDCGGLFSGCDSNADCCEGYVCRLWCKYKL,1
YKRCHKKEGHCFPKTVICLPPSSDFGKMDCRWKWKCCKKGSVNNA,1
YKRCHKKGGHCFPKTVICLPPSSDFGKMDCRWKWKCCKKGSVNNA,1
YKQCHKKGGHCFPKEKICIPPSSDFGKMDCRWRWKCCKKGSG,1
RIKIGLFDQLSRL,1
GAPCLCANSGPNTRGNDLNGIVWVFGCPSGWHDCHGRAMVGYCCQED,1
SSTCIPSGQPCPYNENCCSQSCTYKENENGNTVKRCD,1
SAVCIPSGQPCPYSKYCCSGSCTYKTNENGNSVQRCD,1
GCGGVCAYGESCPSSCNTCYSAQCTAQ,1
GCKDNFSANTCKHVKANNNCGSQKYATNCAKTCGKC,1
TICTGADRPCAACCPCCPGTSCQGPEPNGVSYCRND,1
TICTGADRPCAACCPCCPGTSCQGPESNGVVYCRNF,1
LLACLFGNGRCSSNRDCCELTPVCKRGSCVSSGPGLVGGILGGIL,1
EVDMRCKSSKECLVKCKQATGRPNGKCMNRKCKCYPR,1
ACGPGCSGSCRQKGDRIKCINGSCHCYP,1
ADCLNEGDWCADWSGPSCCGEMWCSCPGFGKCRCKK,1
SCNNSCQQHSQCASHCVCLLNKCRTVN,1
CMGYDIHCTDRLPCCFGLECVKTSGYWWYKKTYCRRKS,1
GGCIKWNHSCQTTTLKCCGKCVVCYCHTPWGTNCRCDRTRLFCTED,1
SPVCTPSGQPCQPNTQPCCNNAEEEQTINCNGNTVYRCA,1
CAKKREWCAKTEDCCCPMKCIYAWYNEQSSCQTTFSGMFKKC,1
GFGSLFKFLAKKVAKTVAKQAAKQGAKYIANKQME,1
GFGSLFKFLAKKVAKTVAKQAAKQGAKYIANKQTE,1
GFGSLFKFLAKKVAKTVAKQAAKQGAKYVANKHME,1
AACLGMFESCDPNNDKCCPNRECNRKHKWCKYKLW,1
DDCLGMFSSCDPKNDKCCPNRVCRSRDQWCKYKLW,1
DDCLGMFSSCDPNNDKCCPNRVCRVRDQWCKYKLW,1
IACAPRGLLCFRDKECCKGLTCKGRFVNTWPTFCLV,1
GKCADAWKSCDNLPCCVVNGYSRTCMCSANRCNCEETKKLREHFG,1
KAKCADIDQPCKTSCDCCETKGACTCYKSGCVCRMGSFXATCKK,1
GTCAGQDKPCKETCDCCGERGQCVCEGPCICRQGYFWIAAYKLGNCK,1
CGDINAPCQSDCDCCGYSVTCDCYWSKDCKCRESNFVIGMALRKAFCKNK,1
ECADVYKECWYPEKPCCKDRACQCSLGMNCKCKATLGDIF,1
IACAPRGQLCFSDKLCCIGLRCKSRVANMWPTFCLV,1
AFCKYNGEQCTSDGQCCNGRCRTAFMGKICMG,1
IACAPRFSLCNSDKECCKGLRCQSRIANMWPTFCSQ,1
MPCPKILKQCKSDEDCCRGWKCFGFSIKDKMCISR,1
SCFEGGKDCKNDCQCCGKWSYCKCPIWGLFGCSCVIGDSMVEVRKCQ,1
CQAYGESCSAVVRCCDPNAVCCQYPEDAVCVTRGYCRPPATVLT,1
RQRHRDCDKPPDKTN,1
RKRHPDCDKAADTRI,1
NLYQFKEMIRYTIP,1
RQRHPDCDKPPDTGN,1
NLINFMEMIRYTIP,1
NLYQFKEMIRYTIP,1
ACGSCRKKCKGPGKCINGRCKCY,1
EGECGGFWWKCGSGKPACCPKYVCSPKWGLCNFPMP,1
TGTSCISPKQCTEPCRAKGCKHGKCMNRKCHCMLCL,1
GLPCDCHGHTGTYWLNYYSKCPKGYGYTGRCRYLVGSCCYK,1
GCCSDPRCKHQC,1
GCCSDPRCKHEC,1
GCCSDPRCRYRC,1
DYCCRRPPCTLIC,1
EPNSMWS,1
EPNSIWS,1
SCIKHGDFCDGDKDDCQCCRDNGFCSCSGIFGLKWNCRCDVGTT,1
RACIELGEDCDGYKDDCQCCRDNAFCSCYEFFGEKNGCGCAVGH,1
GKCGDINAPCTSACDCCGKSVECDCYWGKECSCRESFFGAATXL,1
GKCGDINAGCSSDCDCCGSSVTCDCAIRKKF,1
GKCGDINAPCKAECDCCGYTTCDCYWGN,1
GCGDINAACKSDCDCCGNSVTCDCYFTDCKCRESAIRKQF,1
GKCGEINGSCDECYGGSVTCDCY,1
ACVPVYKECWYPQKPCCEDRVCQCSFGMTN,1
ACVPVYKECWYPQKPCCEDRVCQCSFGMTNCKCKARL,1
ACVPVYEECGTPKKRCCEERPCK,1
KAKCAEIDQDCKTSCDCCKGACTCY,1
ILECVFSCDIKKEGKPCKPKGEKKCTGGWRCKIKLCLKI,1
GCIPSFGECAWFSGESCCTGICKWVFFTSKFMCRRVWGKD,1
IFINVKCSSPQQCLKPCKAAFGISAGGKCINGKCKCYP,1
DPCCGYRMCVPC,1
QTCCGYRMCVPC,1
NIQIICCKHTPACCT,1
GYCAEKGIRCDDIHCCTGLKCKCNASGYNCVCRKK,1
DGCPPHPVPGMHPCMCTNTC,1
VGCEECPMHCKGKNAVPTCDNGVCNCNA,1
IACAPRFSICNSDKECCKGLRCQSRIANMWPTFCLV,1
LICYNDHGYTGKTTETCENGETTCYEKSR,1
GTTCYCGSTLGIYWFAVSSCPSGRGYTGHCGYFLGLCC,1
VICYRGYNYAQPCPPGENVCFTKTWCDARCYQLGK,1
KEGYPKNSEGCKITCLFNDPYCKGLCINLSTQADY,1
KEGYMGSDGCKMSCVINDQFCDTECQAKLKGSTGYCYFXGLACYXXG,1
STRCQGRGASCRKTMYNCCSGSCNRGRCG,1
DEEPKETCSDDMCVIYCKGEEFSTGACDGPQKCKCS,1
AYTTEQCRALNGTCRFYACFPKNVVIGKCDWLG,1
NLYQFKNMIECAGTRTWIAYVKYGAYTYAYT,1
ECKTNKMSCSLHEECCRFRCCFHGKCQTSVFGCWVDP,1
SDGRNDAAKAFDLISSTVKKGCCSHPACAGNNQHICGRRR,1
IVRRACCSDRRCRWRCG,1
RCHFVVCTTDCRRNSPGTYGECVKKEKGKECVCKS,1
DQPAERMQDDISSEHHPFFDPVKRCCKYGWTCVLGCSPCGC,1
ACKDNFAAATCKHVKENKNCGSQKYATNCAKTCGKC,1
TIINEKCFATSQCWTPCKKAIGSLQSKCMNGKCKCYNG,1
SDGRDAAVIYTESDVIARGDCKPCMHPDCRFNPGRCRPRE,1
LNKRCAGIGSFCGLPGLVDCCSGRCFIVCLP,1
QGDRDQPADRNAVPRDVNPGRARRKLMKVLRESECPWKPWCG,1
CGGAGAKCSTKSDCCSGLWCSGSGHCYHRRYT,1
SDGRNTAANDKASNLMALRDDCCPNPPCKASNPDLCDWRS,1
SDGRNAAADDKASDLIGLAVRGCCSNPACSVNHPELCGRRR,1
FDGRNAAASDKASELMALAVRGCCSNPTCAGNNGNICG,1
SDDNDVAAEMMSGLIALAIDSCCSDSDCNANHPDMCS,1
SDGRNAGADRKGFGLISQMFKLSCCADPACKHTPGC,1
FDGRNAAVNERAPWMVVTATTNCCGYTGPACHPCLCTQSCG,1
VVLGPASDGRNAAANVKAPDLIALTVRNDCCHNAPCRNNHPGICG,1
DVCDSLVEGRCIHNGCWCDEEAPHGNCCDTAGCTAWWWCPGTKFD,1
DVCDSLVEGRCIHNGCWCDEEAPHGNCCDTAGCTAWWWCPGTKWD,1
DVCDSLVGGHCIHNGCWCDQDAPHGNCCDTGGCVWWWCPGTKWD,1
DVCDSLVDGRCIHNGCFCERDAPNGNCCDTDGCTARWWCPGTKWD,1
DVCDSLVDGRCIHNGCYCERDAPNGNCCNTDGCTARWWCPGTKWD,1
DVCDSLVGGRCIHNGCYCERDAPNGNCCNTDGCTARWWCPGTKWD,1
DVCDSLVGGRCIHNGCWCERSAPHGNCCNTSGCTARWWCPGTKFD,1
DVCDSLVGGRCIHNGCWCERSAPHGNCCNTSGCTATFWCPGTLFD,1
DVCESVAGRCIHNGCWCERSAPHGNCCNTSGCTARWWCPGTKWD,1
DVCDSLVGGRCIHNGCYCERSAPNGNCCDTAGCTVLWWCPGTKFD,1
DVCDSLVGGRCIHNGCWCERSAPHGNCCNTGGCVWWWCPGTKWD,1
DVCDSLVDGRCIHNGCFCEESKPNGNCCDSGGCVWWWCPGTKWD,1
RGVCSTPEGSCVHNGCICQNAPCCHPSGCNWANVCPGYLWDKN,1
RGVCSTPEGSCVHNGCICQNAPCCHESGCNWANVCPGFLWDKN,1
AELTSCFPVG,1
KIWRS,1
GLNRPSKRCLAGSAPCEFHKRSTCCSGHCIIWWCA,1
GLTRPSKRCLAGSAPCEFHRGYTCCSGHCLIWVCA,1
GLIRPSKRCIGGGDPCEFHRPYTCCSGYCIVFVCA,1
GLSRPSKRCIAGGQPCEFHRGYMCCSEHCIIFVCA,1
GLGRPSRECIEGSEPCEVFRPYTCCSGHCIIFVCAR,1
CEDGGVPSASCRANTEDYRYCNACYLQEVIGK,1
NERHVTCFYVKFGCKHTECITTIVFCWQTASDISSV,1
YRRRQCPPWCSGEPCRKGTC,1
PVNEAGVERLFRALVGRGCPADCPNTCDSSNECSPNFPG,1
MGDLSEADSMKHQLQRRDCGRCGLGQICDAGACRPSTMM,1
NSEDGSPYPGPGQQPNCCKWPIVTCCNR,1
TVKRSSKRGWWGPPSNCWVCTGFNKCCEHESHCMTFPTQYNRECK,1
PCFCGKTVGIYWFALYSCPGGYGYTGHCGHFMGVCCYPANP,1
AGNAKMSALMALTIRGCCSHPVCSAMSPICG,1
CQNECCGISSLRERNYCANLVCINCFCQGRTYKICRCFFSIHAIR,1
VRDAYIAQNYNCVYTCFKNDYCND,1
VRDAYIAQNYNCVYTCFKNDYCNDICTKNGAXXGYC,1
VFIDVSCSVSKECWAPCKAAVGTDRGKCMGKKCRCYX,1
DLIDVKCISSQECWIACKKVTGRFEGKCQNRQCRCY,1
GVPCLCDSDGPNVRGNTLSGTYWLAGCPSGWHNCKSSGPLIGACCKQ,1
GVPCLCDSDGPNVRGNTLSGILWLAGCPSGWHNCKAHGPTIGWCCKQ,1
CAKKRNWCGKNEDCCCPMKCIYAWYNQQGSCQSTITGLFKKC,1
GRCCDVPNACSGRWCRDHAQCC,1
GRCCEGPNGCSSRWCKDHARCC,1
QGCCNVPNGCSGRWCRDHAQCC,1
CFPPGIYCTPYLPCCWGICCGTCRNVCHLRIGKRATFQE,1
GHVSCGKDGRACDYHADCCNCCLGGICKPSTSWIGCSTNVFLTR,1
GAVPCGKDGRQCRNHADCCNCCPIGTCAPSTNWILPGCSTGQFMTR,1
GCKKDRKPCSYQADCCNCCPIGTCAPSTNWILPGCSTGPFMAR,1
ADVPGNYPLDSYGNCYPCTILGDNQYCI,1
DDLHPFNENNMYYGCKGLSNSNKFED,1
ADVPGNYPLNSYGASYYCTI,1
SPTCIRSGQPCPYNENCCSQSCTFKTNENGNTVKRCD,1
GVPCLCDSDGPSVHGNTLSGTIWLAGCPSGWHNCKAHGPTIGWCCKK,1
GVPCLCDSDGPSVRGNTLSGTLWLFGCPSGWHNCKARGPTIGWCCKK,1
GVPCLCDSDGPSVRGNTLSGTLWLFGCPSGWHNCKAHGPTIGWCCKK,1
GVPCLCDSDGPNVRGNTLSGTYWLAGCPSGWHNCKSSGPNIGWCCKK,1
GVACLCDADGPSVSGNTLSGILWLAGCPSGWHNCKAHGPTIGWCCKK,1
GAACFCDSDGPSVSGNTLSGILWLAGCPSGWHNCKAHGPNIGWCCKK,1
GVPCLCDSDGPSVRGNSLSGIIWLFGCPSGWHNCRDHGPTIGWCCKK,1
GVSCLCDSDGPSVRGNTLSGILWFYPSGCPSGWHNCKAHGPTIGWCCKQ,1
ADVPGNYPLDKNGNRYY,1
KKNGYAVDSSGKVAE,1
GDWGTCSWPGQECEHDSDCCGSFCCVGRRCLHIYFPCNLSRS,1
MCLSLGQRCGRHSNCCGYLCCFYDKCVVTAIGCGHY,1
GCKKDRKPCSYHADCCNCCLSGICAPSTNWILPGCSTSSFFKI,1
GPSSCKADEEPCEYHADCCNCCLSGICAPSTNWILPGCSTSSFFKI,1
NWSWCSGSGEGCDYHSECCGERCCIESMCIGDGVACWP,1
TCSNKGQQCGDDSDCCWHLCCVNNKCAHLILLCNL,1
GHVPCGKDGRKCGYHADCCNCCLSGICKPSTSWTGCSTSTFD,1
QKELVPSKTTTCCGYSPGTMCPSCMCTNTCPPQK,1
KSTSCMEAGSYCGSTTRICCGYCAYSASKNVCDYPSN,1
SETDSAXXGRNGQ,1
SETDSRKEGRMGQKNAVIRQWCENDCNYAPK,1
ALPSFSRADRYGXRQ,1
ALPSFSRADRYGXRQ,1
EQLIKKDVXHKDXFAXGSE,1
EQLIRKDVXHXEXFAXXS,1
EQLIKKDVKHKDKFAKKSECVRAAAAAFTGGDKS,1
AKEKEVTFQ,1
AKEKEVTFQSGGPT,1
AQTVRXDIPHHEXY,1
AQTVRXDIPHHEXYAAGG,1
EITVEPVRHPKKDPSEAE,1
FKSLTKYSPGRQN,1
LKVPDLPLPEXYXXALN,1
LKVPDLPLPE,1
LKVPDLPLPESYXXALNLAXD,1
LKVPDLPLPESYKKALELAKDDLAREIXI,1
AVQLLEVNPEIAQNS,1
CQVVERGLDAKAKAAMLDAHNKARQKVANG,1
CKMSEQGLNAQMKAQIVDLHNXARQGVANGQ,1
CQVVERGLDAXAX,1
CQMVERGLDAKAKAAMLDAHDXARQKVANGQEAGQPGAXNMKELH,1
CQVVERGLDAXA,1
ITCCTRGTCAQHC,1
NGRCCHPACAKYFSCGR,1
QKCCTGKKGSCSGRACKNLRCCA,1
KRKCGLCKYRCCSGG,1
LTLDRASDDTDVAAEIMSGLIALAIDSCCSDSDCNANHPDMCS,1
GRDGYIAQPENXVYXX,1
VVLGPASDGRNAAANNKASDLIRQICCGYGDCGFVPNVCV,1
SDGRNTAANDKASDLMALRDGCCPNPSCSVNNPDICGGGR,1
LICFNDFSPTARTLEYCQIGITTYNPS,1
GPLTILHINDVHAAFEQFNT,1
KECCTHPACHVSHPELCG,1
KKVYSFLKLKGCLPRNRFCNALSGPRCCSGLRCKELSIWASKCL,1
FECSVSCEIEKEGNKDCKKKKCKGGWKCKFNMCVKDI,1
CLGENVPCDKDRPNCCSKYECLEPTGYGRCYASYYSYKKKTL,1
ARCEQCPSYCCQSDSPPECDGCE,1
NCPAGCRSQGCCM,1
DSRGTQLHRALRKATILSVSARCKLSGYRCKRPKQCCNLSCGNYMCG,1
AEDSRGTQLHRALRKTTKLSLSIRCKGPGASCIRIAYNCCKYSCRNGKCS,1
GLYCCQPKPNGQMMCNRWCEINSRCCGRR,1
DGANAEATDNKPGVFERDEKKCCWNRACTRLVPCSK,1
SDRASDGRNAAANDRASDLVALTVRGCCTYPPCAVLSPLCD,1
LICFICFSPTAH,1
DDCTTYCYGVHCCPPAFKCAASPSCKQT,1
DNSCTPKPSCFF,1
SLCDKPHHNCIDGQTCYHTCCQNGLKCVRYP,1
RPKCCCVCGVVGRKCCSTWDKCHPVHLPCPSS,1
TFEPNAEECIVDGRCKHRSDWPCEMSSGTTGRCDVSLGACGCSN,1
DDETTFPCNSGRCACLPEDSHSYTCQSP,1
DDCTTYCYGVHCCPPAFKCAASGCVRNN,1
GCWICWGPNACCRGSVCHDYCPS,1
GDACSLLNGDDCGPGELCCTPSGDHQGTCETSCW,1
SLVCDLECSAEVTTCCETGTCHGITTYNCVGGTEPET,1
TSCNAATGRSPGCFCNNDNNCRDTCCPRSDTEKKCTGGPDPCPPRQWPD,1
YYICESCWTCESCAGSTESSCVSACNACDLCPNK,1
LTCLTKMVECIQLPLDVEDSSDTLCC,1
LLCISCCVSITECCQLMSGCAVEIKS,1
GGKEGYPLNSSNGCKSGRFAGTNSNENTECKGXDAENGY,1
CKGQSCSSCSTKEFCLSKGSRLMYDCCTGSCCGVKTAGVT,1
CAAFGSFCGLPGLVDCCSGRCFIVCLL,1
SVDFDSESPRKPEIQ,1
SVDFDSESPRKPEIQ,1
GYEEREVAETVRELDAA,1
GYEEREIAETVRELEEA,1
GAKERNNAEAVRERLEEI,1
GEEERKAMAELEAKKAQEALKA,1
DCCWPGRPDCCAP,1
IMYDCCSGSCSGYTGRC,1
ECKYLWGTCSKDEDCCAHLGCNRKHDWCGWDYTF,1
GCIKTGSGCTLSKGCCTKNCGWNFKCNPPNQ,1
GCIKTGSGCTLSKGCCTKNCGWNFKCNPPNQ,1
GCIPVGSMCTISNGCCTKNCGWNFHCNKPNQ,1
GCIATGSFCTLSKGCCTKNCGWNFACN,1
TPFRYCNPRNCAKECQGRGKETTYCDEVCKCSGW,1
TAIGNCNPFTCDKECKTKGNKRGYCENYNCECSKW,1
EKSCITWRNSCVHND,1
GCWLCLGPNACCRGDVCHSYCPG,1
MKLTYVLIVAMLVLVVCRADCFGRGGLCTWFDPSVCCSGICTFVDCW,1
MKVTCVLVLTLMALTVCQVATAYCINVGMCIYDGYCCSNRCWGGMCSPWR,1
MTRTAVLLLTLLFLVAMAASDKIKTREVCWTEEECENWE,1
MTRTAVLLLTLLFLVAMAASDKIKTRELCWTEEECENWE,1
MTRTAVLLLTLLFLVAMAASDKIKTRELCWSERECENGK,1
MTRTAVLLLTLLFLVAMAASDKIKTREVCWNEEECENWE,1
CCEWPCSHGCIPCCY,1
CIPAANPCRGNARCCGNYVCKNGRCLPRS,1
CDLAMGNCICK,1
ESNFKIGMAIR,1
GVACLCDSDGPNVRGNTLSGTIWLAGCPSGWHNCKAHGPTIGWCCKQ,1
YKRCHKKEGHCFPKTVICLPPSSDFGKMDCRWKWKCCKKGSVN,1
VGCEEDPMHCKGKQAKPTCCNGVCNCNV,1
ERGLPEGAECDGNESDCKCAGAWIKCRCPPMWHING,1
GCIEIGGDCDGYQEKSYCQCCRNNGFCS,1
KEGYIVNYHTGCKYTCAKLGDNDYCLRECK,1
WCKQSGEMCNVLDQNCCDGYCIVFVCT,1
GCIGRNESQKKDNVYKFKE,1
ALKCQGWVDYCNGNVECCNECVMY,1
CAKHSETCKNGNCCTCTQYRGKDEPMACRRGTHGQRCQCVMKIMKH,1
GCKGFLVKCDSNSECCKTAIVKGKKKQLSCLCGAWGAGCSCSFRCGNRC,1
GLIDVRCYDSSQCE,1
VRDAYIAEDYDCVYHCARDA,1
GSCIESGKSCTHSRSMKNGLCCPKSRCNCRQIQHRHDYLGKRKYSCRCS,1
GADEDCLPRGSKCLGENKQCCEKTTCMFYANRCVGI,1
RCAHGTYYSNDSQQCLLNCCWWGGGDHCCR,1
FCCPVIRYCCW,1
HFIDVKCTTSKECWPPCKAATGKAAGKCMNKKCKCQ,1
TFINVKCTSPKQCLPACKEKFGXAAGKCMNGKCK,1
KVIDVKCTSPKQCLPPCKAQFGD,1
TVIDVKCTSPKQCLPPCAKQ,1
LKDGYPTNSKGCKISGCLPGENKFCLNECQ,1
KDGYLMGADGCKLCVLTAPYDYCACE,1
KDGYLPGNEGCKY,1
KDGYLVGTDGCKYGCFTRPGHFCANEECL,1
KDGYLMEPNGCKLGCLTRPAKYCWXEE,1
KKDGYLVNKYTGCKVNCYKLGENKFCNRE,1
KKDGYPIQENGCKY,1
FFECTLECDIKKEGKPCKPKGCKCNDKDNKDHKKCSGGWRCKLKLCLKF,1
IFECVFSCDIEKEGKPCKPKGEKKCTGGWKCKIKLCLKI,1
IFECVFSCDIEKEGKPCKPKGEKKCSGGWKCKIKLCLKI,1
FECSISCEIEKKGESCKPKKCKGGWKCKFNMCVKV,1
EACYPPGTFCGIKPGLCCSELCLPAVCVG,1
EACYNAGTFCGIKPGLCCSAICLSFVCISFDF,1
SSTCIPSGQPCPYNENCCSQSCTFKENENGNTVKRCD,1
SPTCIPSGQPCPYNENCCSKSCTYKENENGNTVQRCD,1
SPTCIPSGQPCPYNENCCSQSCTYKENENGNTVKRCD,1
NCIDFGGDCDGEKDDCQCCXRNGYCSCYNLFGYLKRGCKXEVG,1
SCIKIGEDCDGDKDDCQCCRTNGYCSXYXLFGYLKSG,1
GCANAYKSCNGPHTCCWGYNGYKKACICSGXNWK,1
CSRSDGWCGKTEDCCCPMKCIKAWYKQNGNCQNTISAIWKNC,1
XXIENEXEIVDMHNALRRAVRPTASNMLQM,1
SNKKDYRKEIVDKHNALRRSVKPTARNMLSMEVNSKAAQNAQRRXD,1
SNKKDYRKEIVDKHNALSRSVKPTASNM,1
GGGKDYRVEIVDKHNXLRRSVXXTARN,1
PRNPEIQNEIIDLHNYLRRSVNPXASNMLRSQW,1
GVACRCDSDGPTVRGNSLSGTLWLTGGCPSGWHNCRGSGPFIGYCCKK,1
VSIGIKCDPSIDLCEGQCRIRYFTGYCSGDTCHCS,1
VFCRSNGQQCTSDGQCCYGKCMTAFMGKICMR,1
ANACTKQADCAEDECCLDNLFFKRPYCEMRYGAGKRCAAASVYKEDKDLY,1
VFCRFNGQQCTSDGQCCYGKCRTAFMGKICM,1
VFCRFNGQQCTSDGQCCYGKCRTAFLRMICMGG,1
SDNEFPSGCIEFGKECDLDKGNCQCCRRNGYCSCAVN,1
ATCAGQDKPCKVNCDCCGERGECVCGGPCICRQGNVFIAWSKLMTCK,1
AELTSCFPVDHECDGGASNCNCCGDDVYCA,1
KKCADIDQDCKTSCDCCE,1
GCVGHRKSCEHDKKNGCCYFMTCNCWHPMGQ,1
SCIKHGDFCDGDNDDCQCCRDNGF,1
RGCIELGEDCDGSKDDCQCCRDNGFCSCYTFPYKWGCIC,1
GNCLELGEYCDGSKDDCQCCRDNAYCGCDIF,1
ACLDIGNSCRED,1
DGKCAGQDKPCKNSCDCCGARGECVYTGYXP,1
TATCAGQDKPCQKHCDCCGPKGECVCEGPCICRQG,1
SVDFDSESPR,1
NVDFNSESTRRKKKQKEIVDLHNSLRRRVSPTA,1
TICYNHLTIRSEVTEICIICDDDYYF,1
MISMLRCTFFFVSVILITSYFVTPTMSIKCNRKRHVIKPHICRKICGKNG,1
GPSFCKANGKPCSYHADCCNCCLSGICAPSTNWILPGCSTSSFFKI,1
GPSFCKADEKPCEYHSDCCNCCLSGICAPSTNWILPGCSTSSFFKI,1
GAVPCGKDGRQCRNHADCCNCCPFGTCAPSTNRILPGCSTGMFLTR,1
GAVPCGKDGRQCRNHADCCNCCPIGTCAPSTNWILPGCSTGQFMTR,1
GAVPCGKDGRQCRNHADCCNCCPIGTCAPSTNWILPGCSTGPFMTR,1
GHVSCGKDGRACDYHADCCNCCLGGICKPSTSWIGCSTNVFLTR,1
GHVPCGKDGRKCGYHTHCCNCCLSGICKPSTSLIGCSTSSFT,1
GHVPCGKDGRKCGYHADCCNCCLSGICKPSTSWTGCSTSTFN,1
GHVPCGKDGRKCGYHADCCNCCLSGICKPSTSWTGCSTSTFLLTR,1
GHVPCGKDRRKCGYHADCCNCCLSGICKPSTSWTGCSTSTFLLTR,1
GHVPCGKDGRKCGYHADCCNCCLSGICKPSTSWTGCSTSTVQLTR,1
GHVPCGKDGRKCGYHADCCNCCLSGICKPSTSWTGCSTSTFD,1
MISMLRCISLFLSVILITGYFVTPVMSCNCKAPETALCARRCQQHG,1
DRDSCVDKSQCAKYGYYYQCDECCKKAGDRAGTCEYFKCKCNP,1
DRDSCVDKSKCAKYGYYYQCDECCKKAGDRAGTCEYFKCKCNP,1
DRDSCVDKSKCGKYGYYGQCDECCKKAGDRAGICEYYKCKCNP,1
DRDSCVDKSRCAKYGYYQECQDCCKKAGHSGGTCMFFKCKCA,1
DRDSCVDKSRCAKYGYYGQCEVCCKKAGHNGGTCMFFKCMCVNSKMN,1
DRDSCVDKSRCGKYGYYGQCDECCKKAGDRAGTCVYYKCKCNP,1
DRDSCVDKSRCGKYGYYGQCDDCCKKAGDRAGTCVYYKCKCNP,1
DRDSCVDKSRCAKYGYYGQCEVCCKKAGHRGGTCDFFKCKCKV,1
DRDSCVDKSRCAKYGYYQECQDCCKKAGHNGGTCMFFKCKCA,1
DRDSCVDKSKCAKYGYYGQCDECCKKAGDRAGNCVYLKCKCNQ,1
DRDSCVDKSKCSKYGYYGQCDKCCKKAGDRAGNCVYFKCKCNQ,1
DRDSCVDKSKCSKYGYYGQCDECCKKAGDRAGNCVYFKCKCNP,1
DRDSCVDKSRCSKYGYYQECQDCCKKAGHNGGTCMFFKCKCA,1
DRDSCVDKSRCQKYGPYGQCTDCCKKAGHTGGTCIYFKCKCGAESGR,1
DRDSCVDKSRCQKYGNYAQCTACCKKAGHNKGTCDFFKCKCT,1
DRDSCVDKSRCAKYGHYQECTDCCKKYGHNGGTCMFFKCKCA,1
DRDSCVDKSKCGKYGYYHQCDECCKKAGDRAGNCVYYKCKCNP,1
DRDSCVDKSRCAKYGYYQQCEICCKKAGHRGGTCEFFKCKCKV,1
DRDSCVDKSRCAKYGYYQECTDCCKKYGHNGGTCMFFKCKCA,1
DRDSCVDKSKCGKYGYYQECQDCCKNAGHNGGTCVYYKCKCNP,1
DRDSCVDKSQCGKYGYYGQCDECCKKAGERVGTCVYYKCKCNP,1
DRDSCVDKSKCGKYGYYGQCDECCKKAGDRAGTCVYYKCKCNP,1
RCHFVICTTDCRRNSPGTYGECVKKEKGKECVCKS,1
DDNPGGASGKFMNVLKGQPLCCPFGGCHELCHCCGS,1
LFERYAENKQDLSPDERMGFILSALRQQECCVYPFCDGGCYTCQDSCE,1
VKRCCDEEECSSACWPCCWG,1
RRSLTRRVPEECEESCEEEEKTCCGLENGQPFCSRICWG,1
NPASCCSCADVDPGRASRKTPKGEDQVFIKEKDRC,1
SKCRIGKDGFYSVTCTEKENLCFTQF,1
KKCLTKYSAGLQTSQTCPAGQKICFKKW,1
LKCYSSRTETMTCPEGKDKCEKYAV,1
TMCYSHTTTSRAILTNCGENSCYRKSRVHP,1
MICYSHKTPQPSATIGCEEKTCYKKSVRKL,1
MSSGGLLLLLGLLTLCAELTPVSSKDRH,1
FDDLMLLLCCRQGPVCFIPLNEWPCSRM,1
QWPFQQWAPCTGHWDCPGDRCCFAGYCLETTPSCD,1
NNPPCCSGYVCEGVYCAVDV,1